/*
Navicat MySQL Data Transfer

Source Server         : kanma@localhost
Source Server Version : 50721
Source Host           : localhost:3306
Source Database       : db_kanma_mybatis

Target Server Type    : MYSQL
Target Server Version : 50721
File Encoding         : 65001

Date: 2018-07-07 02:02:00
*/

SET FOREIGN_KEY_CHECKS=0;

-- ----------------------------
-- Table structure for `country`
-- ----------------------------
DROP TABLE IF EXISTS `country`;
CREATE TABLE `country` (
  `id` int(11) NOT NULL AUTO_INCREMENT,
  `countryname` varchar(255) DEFAULT NULL,
  `countrycode` varchar(255) DEFAULT NULL,
  PRIMARY KEY (`id`)
) ENGINE=InnoDB AUTO_INCREMENT=6 DEFAULT CHARSET=utf8;

-- ----------------------------
-- Records of country
-- ----------------------------
INSERT INTO `country` VALUES ('1', '中国', 'CN');
INSERT INTO `country` VALUES ('2', '美国', 'US');
INSERT INTO `country` VALUES ('3', '俄罗斯', 'RU');
INSERT INTO `country` VALUES ('4', '英国', 'GB');
INSERT INTO `country` VALUES ('5', '法国', 'FR');

-- ----------------------------
-- Table structure for `items`
-- ----------------------------
DROP TABLE IF EXISTS `items`;
CREATE TABLE `items` (
  `id` int(11) NOT NULL AUTO_INCREMENT,
  `name` varchar(32) NOT NULL COMMENT '商品名称',
  `price` float(10,1) NOT NULL COMMENT '商品定价',
  `detail` text COMMENT '商品描述',
  `pic` varchar(64) DEFAULT NULL COMMENT '商品图片',
  `createtime` datetime NOT NULL COMMENT '生产日期',
  PRIMARY KEY (`id`)
) ENGINE=InnoDB AUTO_INCREMENT=4 DEFAULT CHARSET=utf8;

-- ----------------------------
-- Records of items
-- ----------------------------
INSERT INTO `items` VALUES ('1', '台式机', '3000.0', '该电脑质量非常好！！！！', null, '2015-02-03 13:22:53');
INSERT INTO `items` VALUES ('2', '笔记本', '6000.0', '笔记本性能好，质量好！！！！！', null, '2015-02-09 13:22:57');
INSERT INTO `items` VALUES ('3', '背包', '200.0', '名牌背包，容量大质量好！！！！', null, '2015-02-06 13:23:02');

-- ----------------------------
-- Table structure for `orderdetail`
-- ----------------------------
DROP TABLE IF EXISTS `orderdetail`;
CREATE TABLE `orderdetail` (
  `id` int(11) NOT NULL AUTO_INCREMENT,
  `orders_id` int(11) NOT NULL COMMENT '订单id',
  `items_id` int(11) NOT NULL COMMENT '商品id',
  `items_num` int(11) DEFAULT NULL COMMENT '商品购买数量',
  PRIMARY KEY (`id`),
  KEY `FK_orderdetail_1` (`orders_id`),
  KEY `FK_orderdetail_2` (`items_id`),
  CONSTRAINT `FK_orderdetail_1` FOREIGN KEY (`orders_id`) REFERENCES `orders` (`id`) ON DELETE NO ACTION ON UPDATE NO ACTION,
  CONSTRAINT `FK_orderdetail_2` FOREIGN KEY (`items_id`) REFERENCES `items` (`id`) ON DELETE NO ACTION ON UPDATE NO ACTION
) ENGINE=InnoDB AUTO_INCREMENT=5 DEFAULT CHARSET=utf8;

-- ----------------------------
-- Records of orderdetail
-- ----------------------------
INSERT INTO `orderdetail` VALUES ('1', '3', '1', '1');
INSERT INTO `orderdetail` VALUES ('2', '3', '2', '3');
INSERT INTO `orderdetail` VALUES ('3', '4', '3', '4');
INSERT INTO `orderdetail` VALUES ('4', '4', '2', '3');

-- ----------------------------
-- Table structure for `orders`
-- ----------------------------
DROP TABLE IF EXISTS `orders`;
CREATE TABLE `orders` (
  `id` int(11) NOT NULL AUTO_INCREMENT,
  `user_id` int(11) NOT NULL COMMENT '下单用户id',
  `number` varchar(32) NOT NULL COMMENT '订单号',
  `createtime` datetime NOT NULL COMMENT '创建订单时间',
  `note` varchar(100) DEFAULT NULL COMMENT '备注',
  PRIMARY KEY (`id`),
  KEY `FK_orders_1` (`user_id`),
  CONSTRAINT `FK_orders_id` FOREIGN KEY (`user_id`) REFERENCES `user` (`id`) ON DELETE NO ACTION ON UPDATE NO ACTION
) ENGINE=InnoDB AUTO_INCREMENT=6 DEFAULT CHARSET=utf8;

-- ----------------------------
-- Records of orders
-- ----------------------------
INSERT INTO `orders` VALUES ('3', '1', '1000010', '2015-02-04 13:22:35', null);
INSERT INTO `orders` VALUES ('4', '1', '1000011', '2015-02-03 13:22:41', null);
INSERT INTO `orders` VALUES ('5', '10', '1000012', '2015-02-12 16:13:23', null);

-- ----------------------------
-- Table structure for `sys_privilege`
-- ----------------------------
DROP TABLE IF EXISTS `sys_privilege`;
CREATE TABLE `sys_privilege` (
  `id` bigint(20) NOT NULL AUTO_INCREMENT COMMENT '权限ID',
  `privilege_name` varchar(50) DEFAULT NULL COMMENT '权限名称',
  `privilege_url` varchar(200) DEFAULT NULL COMMENT '权限URL',
  PRIMARY KEY (`id`)
) ENGINE=InnoDB AUTO_INCREMENT=6 DEFAULT CHARSET=utf8 COMMENT='权限表';

-- ----------------------------
-- Records of sys_privilege
-- ----------------------------
INSERT INTO `sys_privilege` VALUES ('1', '用户管理', '/users');
INSERT INTO `sys_privilege` VALUES ('2', '角色管理', '/roles');
INSERT INTO `sys_privilege` VALUES ('3', '系统日志', '/logs');
INSERT INTO `sys_privilege` VALUES ('4', '人员维护', '/persons');
INSERT INTO `sys_privilege` VALUES ('5', '单位维护', '/companies');

-- ----------------------------
-- Table structure for `sys_role`
-- ----------------------------
DROP TABLE IF EXISTS `sys_role`;
CREATE TABLE `sys_role` (
  `id` bigint(20) NOT NULL AUTO_INCREMENT COMMENT '角色ID',
  `role_name` varchar(50) DEFAULT NULL COMMENT '角色名',
  `enabled` int(11) DEFAULT NULL COMMENT '有效标志',
  `create_by` bigint(20) DEFAULT NULL COMMENT '创建人',
  `create_time` datetime DEFAULT NULL COMMENT '创建时间',
  PRIMARY KEY (`id`)
) ENGINE=InnoDB AUTO_INCREMENT=3 DEFAULT CHARSET=utf8 COMMENT='角色表';

-- ----------------------------
-- Records of sys_role
-- ----------------------------
INSERT INTO `sys_role` VALUES ('1', '管理员', '1', '1', '2016-04-01 17:02:14');
INSERT INTO `sys_role` VALUES ('2', '普通用户', '1', '1', '2016-04-01 17:02:34');

-- ----------------------------
-- Table structure for `sys_role_privilege`
-- ----------------------------
DROP TABLE IF EXISTS `sys_role_privilege`;
CREATE TABLE `sys_role_privilege` (
  `role_id` bigint(20) DEFAULT NULL COMMENT '角色ID',
  `privilege_id` bigint(20) DEFAULT NULL COMMENT '权限ID'
) ENGINE=InnoDB DEFAULT CHARSET=utf8 COMMENT='角色权限关联表';

-- ----------------------------
-- Records of sys_role_privilege
-- ----------------------------
INSERT INTO `sys_role_privilege` VALUES ('1', '1');
INSERT INTO `sys_role_privilege` VALUES ('1', '2');
INSERT INTO `sys_role_privilege` VALUES ('1', '3');
INSERT INTO `sys_role_privilege` VALUES ('2', '4');
INSERT INTO `sys_role_privilege` VALUES ('2', '5');

-- ----------------------------
-- Table structure for `sys_user`
-- ----------------------------
DROP TABLE IF EXISTS `sys_user`;
CREATE TABLE `sys_user` (
  `id` bigint(20) NOT NULL AUTO_INCREMENT COMMENT '用户ID',
  `user_name` varchar(50) DEFAULT NULL COMMENT '用户名',
  `user_password` varchar(50) DEFAULT NULL COMMENT '密码',
  `user_email` varchar(50) DEFAULT NULL COMMENT '邮箱',
  `user_info` text COMMENT '简介',
  `head_img` blob COMMENT '头像',
  `create_time` datetime DEFAULT NULL COMMENT '创建时间',
  PRIMARY KEY (`id`)
) ENGINE=InnoDB AUTO_INCREMENT=1002 DEFAULT CHARSET=utf8 COMMENT='用户表';

-- ----------------------------
-- Records of sys_user
-- ----------------------------
INSERT INTO `sys_user` VALUES ('1', 'admin', '123456', 'admin@mybatis.tk', '管理员', null, '2016-04-01 17:00:58');
INSERT INTO `sys_user` VALUES ('1001', 'test', '123456', 'test@mybatis.tk', '测试用户', null, '2016-04-01 17:01:52');

-- ----------------------------
-- Table structure for `sys_user_role`
-- ----------------------------
DROP TABLE IF EXISTS `sys_user_role`;
CREATE TABLE `sys_user_role` (
  `user_id` bigint(20) DEFAULT NULL COMMENT '用户ID',
  `role_id` bigint(20) DEFAULT NULL COMMENT '角色ID'
) ENGINE=InnoDB DEFAULT CHARSET=utf8 COMMENT='用户角色关联表';

-- ----------------------------
-- Records of sys_user_role
-- ----------------------------
INSERT INTO `sys_user_role` VALUES ('1', '1');
INSERT INTO `sys_user_role` VALUES ('1', '2');
INSERT INTO `sys_user_role` VALUES ('1001', '2');

-- ----------------------------
-- Table structure for `user`
-- ----------------------------
DROP TABLE IF EXISTS `user`;
CREATE TABLE `user` (
  `id` int(11) NOT NULL AUTO_INCREMENT,
  `username` varchar(32) NOT NULL COMMENT '用户名称',
  `birthday` date DEFAULT NULL COMMENT '生日',
  `sex` char(1) DEFAULT NULL COMMENT '性别',
  `address` varchar(256) DEFAULT NULL COMMENT '地址',
  PRIMARY KEY (`id`)
) ENGINE=InnoDB AUTO_INCREMENT=28 DEFAULT CHARSET=utf8;

-- ----------------------------
-- Records of user
-- ----------------------------
INSERT INTO `user` VALUES ('1', '王五', '2018-07-01', '2', '江苏苏州');
INSERT INTO `user` VALUES ('10', '张三', '2014-07-10', '1', '北京市');
INSERT INTO `user` VALUES ('16', '张小明', '2018-07-03', '1', '河南郑州');
INSERT INTO `user` VALUES ('22', '陈小明', '2018-07-02', '1', '河南郑州');
INSERT INTO `user` VALUES ('24', '张三丰', '2018-07-01', '1', '河南郑州');
INSERT INTO `user` VALUES ('25', '陈小明', '2018-07-01', '1', '河南郑州');
INSERT INTO `user` VALUES ('26', '王五', '2018-07-24', '2', '江苏');
INSERT INTO `user` VALUES ('27', 'kanma', '1990-01-28', '1', '江苏宿迁');
